id;first_name;last_name;email;phone_number;registration_date
1;Julio;Pollich;Janet_Prohaska@gmail.com;apropos median young;2026-06-11
2;Wilhelmine;Schamberger;Simeon.Greenfelder1@hotmail.com;uh-huh truly;2026-06-11
3;Sylvia;Tromp;Ryann9@hotmail.com;while;2026-06-11
4;Tami;Brakus;Tristian83@hotmail.com;phew emphasise;2026-06-11
5;Elizabeth;Rolfson;Jonatan8@yahoo.com;though speedily;2026-06-12
6;Erin;Weissnat;Gordon_Bogan@hotmail.com;arraign for immediat;2026-06-11
7;Bill;Smith;Jim76@hotmail.com;silt;2026-06-11
8;Rosie;Schiller;Keven.Gislason37@hotmail.com;subtract carelessly;2026-06-11
9;Beulah;Carroll;Presley.Reilly69@yahoo.com;whenever onto consid;2026-06-11
10;Shaun;Kautzer;Bonita_Hodkiewicz@gmail.com;frightfully shore pr;2026-06-11
11;Ransom;Kuhic-Corwin;Florine56@gmail.com;bench piglet sedatel;2026-06-11
12;Tara;Rosenbaum;Eduardo_Crooks59@hotmail.com;honorable;2026-06-11
13;Karla;Heidenreich;Audrey_McCullough-Grant@yahoo.com;handful circa barito;2026-06-12
14;Carmella;Zieme;Elva_Mayer61@yahoo.com;approximate courageo;2026-06-11
15;Samuel;Fisher;Todd.Walker20@yahoo.com;amid unethically;2026-06-11
16;Maude;Hamill;Irene_Abbott@hotmail.com;redevelop;2026-06-11
17;Audrey;Schroeder;Halie98@hotmail.com;kookily searchingly;2026-06-11
18;Paul;Balistreri;Luke_Sipes@gmail.com;an;2026-06-11
19;Abdullah;Schumm;Sandra_Stracke36@hotmail.com;earnest keenly bah;2026-06-11
20;Andrew;Kozey;Homer.Rogahn14@hotmail.com;exalted for;2026-06-11
21;Cristina;Lubowitz;Abbigail_Corwin20@gmail.com;pantyhose;2026-06-11
22;Virgil;Sporer;Minnie94@yahoo.com;kiddingly now;2026-06-11
23;Deja;Donnelly;Josianne_Friesen91@yahoo.com;consequently;2026-06-11
24;Samara;Stoltenberg;Quinn_Sporer@gmail.com;mmm;2026-06-11
25;Eloisa;Klein;Ramona.Rosenbaum@gmail.com;sometimes terrorise;2026-06-12
26;Benedict;Hudson;Vincent.Quitzon27@gmail.com;given ignite winding;2026-06-11
27;Camren;Beatty;Prudence21@gmail.com;well-groomed;2026-06-12
28;Christie;Rau;Janiya.Skiles@yahoo.com;yum perfectly of;2026-06-11
29;Winifred;Abernathy;Christopher_OKeefe-Ward16@hotmail.com;low plan;2026-06-11
30;Rae;Bogan;Roma_Smith@gmail.com;harmful certainly;2026-06-11
